fx,fy,cx,cy,d0,d1,d2,d3,d4
1448.1890869141,1532.0687255859,954.1051025391,632.5394897461,0.1053252742,-0.2847591341,0.0000000000,0.0000000000,-0.0395963863